ID,protocol name,protocol number,protocol date,periodicity,ATTENTION,ID2,ALARM,ID3,team
1010101,Испытание на нагрев,26-02-16-01,07.03.2016,10,2026-02-07,1010101,2026-03-07,1010101,ОЭМ
1010102,Испытание на нагрев,20-10-15,16.11.2015,10,2025-10-16,1010102,2025-11-16,1010102,ОЭМ
1010103,Испытания электрической прочности изоляции,20-10-15,16.11.2015,10,2025-10-16,1010103,2025-11-16,1010103,ОЭМ
1010104,Проверка внешнего вида и проверка на соответствие чертежам,20-02-16,03.03.2016,10,2026-02-03,1010104,2026-03-03,1010104,ОЭМ
1010105,Испытания электрической прочности изоляции,14-04-16,29.02.2016,10,2026-01-29,1010105,2026-02-28,1010105,ОЭМ
1010106,Испытание на соответствие степени защиты оболочки,11-02-16,19.02.2016,10,2026-01-19,1010106,2026-02-19,1010106,ОЭМ
1010107,Испытание на локализационную способность,012-097-2017,21.07.2017,10,2027-06-21,1010107,2027-07-21,1010107,ОЭМ
1010108,Испытание на локализационную способность,012-044-2016,07.06.2016,10,2026-05-07,1010108,2026-06-07,1010108,ОЭМ
1010109,Испытания на электродинамическую и термическую стойкость током КЗ,017-050-2016,24.06.2016,10,2026-05-24,1010109,2026-06-24,1010109,ОЭМ
1010110,Испытания на электродинамическую и термическую стойкость током КЗ цепей заземления,017-050-2016,24.06.2016,10,2026-05-24,1010110,2026-06-24,1010110,ОЭМ
1010111,Испытания на сейсмостойкость,02-02-15,10.02.2015,10,2025-01-10,1010111,2025-02-10,1010111,ОЭМ
1010112,Испытания на безопасность,09-02-18,14.02.2018,10,2028-01-14,1010112,2028-02-14,1010112,ОЭМ
1010113,Испытание на соответствие степени защиты оболочки,20-05-15,22.05.2015,10,2025-04-22,1010113,2025-05-22,1010113,ОЭМ
1010114,Испытания на электромагнитную совместимость,29016953-20-СИЦ,30.06.2020,10,2030-05-30,1010114,2030-06-30,1010114,ОЭМ
1010115,Испытание на нагрев,14-12-17-01,18.12.2017,10,2027-11-18,1010115,2027-12-18,1010115,ОЭМ
1010116,Испытание на нагрев,28-12-18-01,16.01.2019,10,2028-12-16,1010116,2029-01-16,1010116,ОЭМ
1010117,Испытание на коммутационную способность,012-094-2017,20.07.2017,10,2027-06-20,1010117,2027-07-20,1010117,ОЭМ
1010118,Испытание на коммутационную способность,012-095-2017,20.07.2017,10,2027-06-20,1010118,2027-07-20,1010118,ОЭМ
1010119,Испытание на коммутационную способность,012-096-2017,21.07.2017,10,2027-06-21,1010119,2027-07-21,1010119,ОЭМ
1010120,Испытания на электродинамическую и термическую стойкость током КЗ,017-099-2017,26.07.2017,10,2027-06-26,1010120,2027-07-26,1010120,ОЭМ
1010121,Испытания электрической прочности изоляции,28-11-17,01.12.2017,10,2027-11-01,1010121,2027-12-01,1010121,ОЭМ
1010122,Испытание на локализационную способность,012-203-2011,26.10.2011,10,2021-09-26,1010122,2021-10-26,1010122,ОЭМ
1010123,Испытания на стойкость к воздействию внешних механических факторов,2834-1/25,15.09.2014,10,2024-08-15,1010123,2024-09-15,1010123,ОЭМ
1010124,Испытания на сейсмостойкость,2834-1/25,15.09.2014,10,2024-08-15,1010124,2024-09-15,1010124,ОЭМ
1010125,Испытание на коммутационную способность,012-202-2011,26.10.2011,10,2021-09-26,1010125,2021-10-26,1010125,ОЭМ
1010126,Испытания на безопасность,13-01-11,19.01.2011,10,2020-12-19,1010126,2021-01-19,1010126,ОЭМ
1010127,Испытания на электродинамическую и термическую стойкость током КЗ,017-195-2011,14.10.2011,10,2021-09-14,1010127,2021-10-14,1010127,ОЭМ
1010128,Испытание на нагрев,23-11-11,28.11.2011,10,2021-10-28,1010128,2021-11-28,1010128,ОЭМ
1010129,Электромеханические испытания,07-11-12,08.11.2012,10,2022-10-08,1010129,2022-11-08,1010129,ОЭМ
1010130,Испытания на безопасность,12-11-14,13.11.2014,10,2024-10-13,1010130,2024-11-13,1010130,ОЭМ
1010131,Испытания на безопасность,13-01-14,13.01.2014,10,2023-12-13,1010131,2024-01-13,1010131,ОЭМ
1010132,Испытания на электромагнитную совместимость,013/2015-01-2-П,04.03.2015,10,2025-02-04,1010132,2025-03-04,1010132,ОЭМ
1010133,Испытания на электромагнитную совместимость,013/2015-02-2-П,04.03.2015,10,2025-02-04,1010133,2025-03-04,1010133,ОЭМ
1010134,Испытания на электромагнитную совместимость,013/2015-03-2-П,04.03.2015,10,2025-02-04,1010134,2025-03-04,1010134,ОЭМ
1010135,Испытания на безопасность,24-04-15,26.04.2015,10,2025-03-26,1010135,2025-04-26,1010135,ОЭМ
1010136,Испытание на коммутационную способность,012-043-2016,07.06.2016,10,2026-05-07,1010136,2026-06-07,1010136,ОЭМ
1010137,Испытание на нагрев,15-04-16,20.04.2016,10,2026-03-20,1010137,2026-04-20,1010137,ОЭМ
1010138,Испытание на нагрев,22-04-16,28.04.2016,10,2026-03-28,1010138,2026-04-28,1010138,ОЭМ
1010139,Испытание на нагрев,24-06-16-01,30.06.2016,10,2026-05-30,1010139,2026-06-30,1010139,ОЭМ
1010140,Испытания на прочность при транспортировании и испытания упаковки,28-04-16,09.04.2016,10,2026-03-09,1010140,2026-04-09,1010140,ОЭМ
1010141,Испытания на сейсмостойкость,82-12-18,12.12.2018,10,2028-11-12,1010141,2028-12-12,1010141,ОЭМ
1010142,Испытания на стойкость к воздействию внешних механических факторов,82-12-18,12.12.2018,10,2028-11-12,1010142,2028-12-12,1010142,ОЭМ
1010143,Электромеханические испытания,07-02-18,12.02.2018,10,2028-01-12,1010143,2028-02-12,1010143,ОЭМ
1010144,Испытание на нагрев,05-02-19-01,10.02.2019,10,2029-01-10,1010144,2029-02-10,1010144,ОЭМ
1010145,Испытания на климатические и механические воздействия,11-02-19,14.03.2019,10,2029-02-14,1010145,2029-03-14,1010145,ОЭМ
1010146,Испытания на сейсмостойкость,82-12-19,28.12.2019,10,2029-11-28,1010146,2029-12-28,1010146,ОЭМ
1010147,Испытания на стойкость к воздействию внешних механических факторов,82-12-19,28.12.2019,10,2029-11-28,1010147,2029-12-28,1010147,ОЭМ
1010148,Испытания на электромагнитную совместимость,Т0541/013-2019,28.01.2019,10,2028-12-28,1010148,2029-01-28,1010148,ОЭМ
1010149,Испытания на электродинамическую и термическую стойкость током КЗ,017-119-2020,12.08.2020,10,2030-07-12,1010149,2030-08-12,1010149,ОЭМ
1010150,Испытания на электродинамическую и термическую стойкость током КЗ цепей заземления,017-119-2020,12.08.2020,10,2030-07-12,1010150,2030-08-12,1010150,ОЭМ
1010151,Испытания на электродинамическую и термическую стойкость током КЗ,017-120-2020,14.08.2020,10,2030-07-14,1010151,2030-08-14,1010151,ОЭМ
1010152,Испытания на электродинамическую и термическую стойкость током КЗ цепей заземления,017-120-2020,14.08.2020,10,2030-07-14,1010152,2030-08-14,1010152,ОЭМ
1010153,Испытание на нагрев,07-12-10,13.12.2010,10,2020-11-13,1010153,2020-12-13,1010153,ОЭМ
1010154,Испытания на безопасность,24-10-11,28.10.2011,10,2021-09-28,1010154,2021-10-28,1010154,ОЭМ
1010155,Испытание на нагрев,01-11-12,06.11.2012,10,2022-10-06,1010155,2022-11-06,1010155,ОЭМ
1010156,Испытание на коммутационную способность,012-212-2013,24.09.2013,10,2023-08-24,1010156,2023-09-24,1010156,ОЭМ
1010157,Испытание на локализационную способность,012-213-2013,24.09.2013,10,2023-08-24,1010157,2023-09-24,1010157,ОЭМ
1010158,Испытания электрической прочности изоляции,12-08-14-01,29.08.2014,10,2024-07-29,1010158,2024-08-29,1010158,ОЭМ
1010159,Испытание на нагрев,13-08-14,14.08.2014,10,2024-07-14,1010159,2024-08-14,1010159,ОЭМ
1010160,Испытания на электродинамическую и термическую стойкость током КЗ,017-077-2014,15.04.2014,10,2024-03-15,1010160,2024-04-15,1010160,ОЭМ
1010161,Испытания на электродинамическую и термическую стойкость током КЗ цепей заземления,017-077-2014,15.04.2014,10,2024-03-15,1010161,2024-04-15,1010161,ОЭМ
1010162,Испытания электрической прочности изоляции,ТИ26-05-15,28.05.2015,10,2025-04-28,1010162,2025-05-28,1010162,ОЭМ
1010163,Испытания электрической прочности изоляции,15-07-16,18.07.2016,10,2026-06-18,1010163,2026-07-18,1010163,ОЭМ
1010164,Испытание на коммутационную способность,012-127-2017,05.09.2017,10,2027-08-05,1010164,2027-09-05,1010164,ОЭМ
1010165,Электромеханические испытания,15-12-17-02,20.12.2017,10,2027-11-20,1010165,2027-12-20,1010165,ОЭМ
1010166,Испытания на электродинамическую и термическую стойкость током КЗ,017-123-2017,22.08.2017,10,2027-07-22,1010166,2027-08-22,1010166,ОЭМ
1010167,Испытания на электродинамическую и термическую стойкость током КЗ цепей заземления,017-123-2017,22.08.2017,10,2027-07-22,1010167,2027-08-22,1010167,ОЭМ
1010168,Испытания на безопасность,24-04-18,27.04.2018,10,2028-03-27,1010168,2028-04-27,1010168,ОЭМ
1010169,Испытания на климатические и механические воздействия,26-01-18,02.02.2018,10,2028-01-02,1010169,2028-02-02,1010169,ОЭМ
1010170,Испытания на сейсмостойкость,147/19,06.11.2019,10,2029-10-06,1010170,2029-11-06,1010170,ОЭМ
1010171,Испытания на стойкость к воздействию внешних механических факторов,147/19,06.11.2019,10,2029-10-06,1010171,2029-11-06,1010171,ОЭМ
1010172,Испытания на сейсмостойкость,148/19,06.11.2019,10,2029-10-06,1010172,2029-11-06,1010172,ОЭМ
1010173,Испытания на стойкость к воздействию внешних механических факторов,148/19,06.11.2019,10,2029-10-06,1010173,2029-11-06,1010173,ОЭМ
1010174,Проверка внешнего вида и проверка на соответствие чертежам,15-12-17-01,20.12.2017,10,2027-11-20,1010174,2027-12-20,1010174,ОЭМ
1010175,Испытания электрической прочности изоляции,16-12-17-01,20.12.2017,10,2027-11-20,1010175,2027-12-20,1010175,ОЭМ
1010176,Контрольная сборка и испытание на взаимозаменяемость однотипных выкатных элементов,16-12-17-02,25.12.2017,10,2027-11-25,1010176,2027-12-25,1010176,ОЭМ
1010177,Испытание на нагрев,22-12-17-01,28.12.2017,10,2027-11-28,1010177,2027-12-28,1010177,ОЭМ
1010178,Испытания на климатические и механические воздействия,10-07-18,20.07.2018,10,2028-06-20,1010178,2028-07-20,1010178,ОЭМ
1010179,Испытания на безопасность,11-05-18,09.06.2018,10,2028-05-09,1010179,2028-06-09,1010179,ОЭМ
1010180,Испытание на коммутационную способность,012-020-2018,01.03.2018,10,2028-02-01,1010180,2028-03-01,1010180,ОЭМ
1010181,Испытание на локализационную способность,012-021-2018,01.03.2018,10,2028-02-01,1010181,2028-03-01,1010181,ОЭМ
1010182,Испытания на электродинамическую и термическую стойкость током КЗ,017-019-2018,09.02.2018,10,2028-01-09,1010182,2028-02-09,1010182,ОЭМ
1010183,Испытания на электродинамическую и термическую стойкость током КЗ цепей заземления,017-019-2018,09.02.2018,10,2028-01-09,1010183,2028-02-09,1010183,ОЭМ
1010184,Испытания на прочность при транспортировании и испытания упаковки,18-01-18,09.06.2018,10,2028-05-09,1010184,2028-06-09,1010184,ОЭМ
1010185,Испытание на соответствие степени защиты оболочки,20-12-18,07.02.2018,10,2028-01-07,1010185,2028-02-07,1010185,ОЭМ
1010186,Испытание на нагрев,21-12-18,08.02.2018,10,2028-01-08,1010186,2028-02-08,1010186,ОЭМ
1010187,Испытания на сейсмостойкость,24-04-18,17.05.2018,10,2028-04-17,1010187,2028-05-17,1010187,ОЭМ
1010188,Испытания на стойкость к воздействию внешних механических факторов,24-04-18,17.05.2018,10,2028-04-17,1010188,2028-05-17,1010188,ОЭМ
1010189,Электромеханические испытания,27-04-18,03.05.2018,10,2028-04-03,1010189,2028-05-03,1010189,ОЭМ
1010190,Испытание на локализационную способность,012-044-2019,14.03.2019,10,2029-02-14,1010190,2029-03-14,1010190,ОЭМ
1010191,Испытание на коммутационную способность,012-138-2019,17.07.2019,10,2029-06-17,1010191,2029-07-17,1010191,ОЭМ
1010192,Испытания на электродинамическую и термическую стойкость током КЗ,017-149-2019,31.07.2019,10,2029-06-30,1010192,2029-07-31,1010192,ОЭМ
1010193,Испытания на электродинамическую и термическую стойкость током КЗ цепей заземления,017-149-2019,31.07.2019,10,2029-06-30,1010193,2029-07-31,1010193,ОЭМ
1010194,Испытания на сейсмостойкость,95/19,19.06.2019,10,2029-05-19,1010194,2029-06-19,1010194,ОЭМ
1010195,Испытания на стойкость к воздействию внешних механических факторов,95/19,19.06.2019,10,2029-05-19,1010195,2029-06-19,1010195,ОЭМ
1010196,Испытания на сейсмостойкость,96/19,19.06.2019,10,2029-05-19,1010196,2029-06-19,1010196,ОЭМ
1010197,Испытания на стойкость к воздействию внешних механических факторов,96/19,19.06.2019,10,2029-05-19,1010197,2029-06-19,1010197,ОЭМ
1010198,Испытание на соответствие степени защиты оболочки,04-05-16,10.05.2016,10,2026-04-10,1010198,2026-05-10,1010198,ОЭМ
1010199,Электромеханические испытания,05-07-10,30.07.2010,10,2020-06-30,1010199,2020-07-30,1010199,ОЭМ
1010200,Испытания на безопасность,06-08-12,07.08.2012,10,2022-07-07,1010200,2022-08-07,1010200,ОЭМ
1010201,Испытание на надежность,07-07-10,30.07.2010,10,2020-06-30,1010201,2020-07-30,1010201,ОЭМ
1010202,Проверка внешнего вида и проверка на соответствие чертежам,09-06-10,30.07.2010,10,2020-06-30,1010202,2020-07-30,1010202,ОЭМ
1010203,Испытание на локализационную способность,012-129-2014,19.06.2014,10,2024-05-19,1010203,2024-06-19,1010203,ОЭМ
1010204,Испытания на включающую способность ЗР,012-227-2013,09.10.2013,10,2023-09-09,1010204,2023-10-09,1010204,ОЭМ
1010205,Испытание на коммутационную способность,012-292-2010,22.12.2010,10,2020-11-22,1010205,2020-12-22,1010205,ОЭМ
1010206,Испытание на локализационную способность,012-300-2010,28.12.2010,10,2020-11-28,1010206,2020-12-28,1010206,ОЭМ
1010207,Испытания на климатические и механические воздействия,15-11-10,20.12.2010,10,2020-11-20,1010207,2020-12-20,1010207,ОЭМ
1010208,Испытания на электродинамическую и термическую стойкость током КЗ,017-293-2010,22.12.2010,10,2020-11-22,1010208,2020-12-22,1010208,ОЭМ
1010209,Испытания на электродинамическую и термическую стойкость током КЗ цепей заземления,017-293-2010,22.12.2010,10,2020-11-22,1010209,2020-12-22,1010209,ОЭМ
1010210,Испытание на нагрев,17-06-10,30.07.2010,10,2020-06-30,1010210,2020-07-30,1010210,ОЭМ
1010211,Контрольная сборка и испытание на взаимозаменяемость однотипных выкатных элементов,22-11-10,20.12.2010,10,2020-11-20,1010211,2020-12-20,1010211,ОЭМ
1010212,Испытания электрической прочности изоляции,27-07-10,30.07.2010,10,2020-06-30,1010212,2020-07-30,1010212,ОЭМ
1010213,Испытания на прочность при транспортировании и испытания упаковки,29-11-10,20.12.2010,10,2020-11-20,1010213,2020-12-20,1010213,ОЭМ
1010214,Испытания на сейсмостойкость,05-1-99,02.03.1999,10,2009-02-02,1010214,2009-03-02,1010214,ОЭМ
1010215,Испытания электрической прочности изоляции,15-05-20,25.07.2020,10,2030-06-25,1010215,2030-07-25,1010215,ОЭМ
1010216,Испытания электрической прочности изоляции,19-05-20,28.07.2020,10,2030-06-28,1010216,2030-07-28,1010216,ОЭМ
1010217,Испытание на нагрев,22-05-20,28.07.2020,10,2030-06-28,1010217,2030-07-28,1010217,ОЭМ
1010218,Испытания на безопасность,25-12-17,29.01.2017,10,2026-12-29,1010218,2027-01-29,1010218,ОЭМ
1010219,Испытание на нагрев,26-05-20,28.07.2020,10,2030-06-28,1010219,2030-07-28,1010219,ОЭМ
1010220,Испытание на соответствие степени защиты оболочки,28-05-20,28.07.2020,10,2030-06-28,1010220,2030-07-28,1010220,ОЭМ
1010221,Испытание на соответствие степени защиты оболочки,06-07-19,12.07.2019,10,2029-06-12,1010221,2029-07-12,1010221,ОЭМ
1010222,Электромеханические испытания,23-05-19,07.06.2019,10,2029-05-07,1010222,2029-06-07,1010222,ОЭМ
1010223,Испытание на нагрев,03-09-13,06.09.2013,10,2023-08-06,1010223,2023-09-06,1010223,ОЭМ
1010224,Испытания электрической прочности изоляции,05-09-13,06.09.2013,10,2023-08-06,1010224,2023-09-06,1010224,ОЭМ
1010225,Испытания на безопасность,10-05-12,10.05.2012,10,2022-04-10,1010225,2022-05-10,1010225,ОЭМ
1010226,Испытание на локализационную способность,012-004-2015,19.01.2015,10,2024-12-19,1010226,2025-01-19,1010226,ОЭМ
1010227,Испытание на нагрев,11-04-19,25.04.2019,10,2029-03-25,1010227,2029-04-25,1010227,ОЭМ
1010228,Испытание на нагрев,25-06-19,27.06.2019,10,2029-05-27,1010228,2029-06-27,1010228,ОЭМ
1010229,Испытание на коммутационную способность,012-119-2016,14.10.2016,10,2026-09-14,1010229,2026-10-14,1010229,ОЭМ
1010230,Испытание на коммутационную способность,012-120-2016,17.10.2016,10,2026-09-17,1010230,2026-10-17,1010230,ОЭМ
1010231,Испытание на локализационную способность,012-121-2016,17.10.2016,10,2026-09-17,1010231,2026-10-17,1010231,ОЭМ
1010232,Испытания на электродинамическую и термическую стойкость током КЗ,017-136-2016,25.10.2016,10,2026-09-25,1010232,2026-10-25,1010232,ОЭМ
1010233,Испытания на электродинамическую и термическую стойкость током КЗ цепей заземления,017-136-2016,25.10.2016,10,2026-09-25,1010233,2026-10-25,1010233,ОЭМ
1010234,Испытания на электродинамическую и термическую стойкость током КЗ,017-137-2016,25.10.2016,10,2026-09-25,1010234,2026-10-25,1010234,ОЭМ
1010235,Испытания на электродинамическую и термическую стойкость током КЗ цепей заземления,017-137-2016,25.10.2016,10,2026-09-25,1010235,2026-10-25,1010235,ОЭМ
1010236,Проверка внешнего вида и проверка на соответствие чертежам,03-01-15,04.08.2015,10,2025-07-04,1010236,2025-08-04,1010236,ОЭМ
1010237,Контрольная сборка и испытание на взаимозаменяемость однотипных выкатных элементов,04-01-15,04.08.2015,10,2025-07-04,1010237,2025-08-04,1010237,ОЭМ
1010238,Электромеханические испытания,06-01-15,04.08.2015,10,2025-07-04,1010238,2025-08-04,1010238,ОЭМ
1010239,Испытания электрической прочности изоляции,10-01-15,15.01.2015,10,2024-12-15,1010239,2025-01-15,1010239,ОЭМ
1010240,Испытание на надежность,14-01-13,31.01.2013,10,2022-12-31,1010240,2023-01-31,1010240,ОЭМ
1010241,Испытания на безопасность,22-02-18,28.02.2018,10,2028-01-28,1010241,2028-02-28,1010241,ОЭМ
1010242,Испытание на нагрев,23-04-15,27.04.2015,10,2025-03-27,1010242,2025-04-27,1010242,ОЭМ
1010243,Испытания на климатические и механические воздействия,25-07-15,04.08.2015,10,2025-07-04,1010243,2025-08-04,1010243,ОЭМ
1010244,Испытания на прочность при транспортировании и испытания упаковки,29-08-16,30.08.2016,10,2026-07-30,1010244,2026-08-30,1010244,ОЭМ
1010245,Испытание на нагрев,13-05-20-01,28.07.2020,10,2030-06-28,1010245,2030-07-28,1010245,ОЭМ
1010246,Испытание на нагрев,18-05-20-01,28.07.2020,10,2030-06-28,1010246,2030-07-28,1010246,ОЭМ
1010247,Испытания на сейсмостойкость,39/19,26.04.2019,10,2029-03-26,1010247,2029-04-26,1010247,ОЭМ
1010248,Испытания на стойкость к воздействию внешних механических факторов,39/19,26.04.2019,10,2029-03-26,1010248,2029-04-26,1010248,ОЭМ
1010249,Электромеханические испытания,04-04-12,06.04.2012,10,2022-03-06,1010249,2022-04-06,1010249,ОЭМ
1010250,Испытания электрической прочности изоляции,05-04-12,06.04.2012,10,2022-03-06,1010250,2022-04-06,1010250,ОЭМ
1010251,Испытания электрической прочности изоляции,06-04-12,06.04.2012,10,2022-03-06,1010251,2022-04-06,1010251,ОЭМ
1010252,Испытания на безопасность,15-05-15,28.05.2015,10,2025-04-28,1010252,2025-05-28,1010252,ОЭМ
1010253,Испытание на нагрев,15-10-15,19.10.2015,10,2025-09-19,1010253,2025-10-19,1010253,ОЭМ
1010254,Испытания электрической прочности изоляции,25-07-14,27.07.2014,10,2024-06-27,1010254,2024-07-27,1010254,ОЭМ
1010255,Испытание на нагрев,27-03-12,06.04.2012,10,2022-03-06,1010255,2022-04-06,1010255,ОЭМ
1010256,Проверка внешнего вида и проверка на соответствие чертежам,28-03-12,06.04.2012,10,2022-03-06,1010256,2022-04-06,1010256,ОЭМ
1010257,Испытание на коммутационную способность,012-020-2015,16.02.2015,10,2025-01-16,1010257,2025-02-16,1010257,ОЭМ
1010258,Испытание на локализационную способность,012-021-2015,16.02.2015,10,2025-01-16,1010258,2025-02-16,1010258,ОЭМ
1010259,Испытания на электродинамическую и термическую стойкость током КЗ,017-030-2015,27.02.2015,10,2025-01-27,1010259,2025-02-27,1010259,ОЭМ
1010260,Испытания на электродинамическую и термическую стойкость током КЗ цепей заземления,017-030-2015,27.02.2015,10,2025-01-27,1010260,2025-02-27,1010260,ОЭМ
1010261,Испытания на стойкость к воздействию внешних механических факторов,61/18,19.11.2018,10,2028-10-19,1010261,2028-11-19,1010261,ОЭМ
1010262,Испытания на сейсмостойкость,16-03-18,05.04.2018,10,2028-03-05,1010262,2028-04-05,1010262,ОЭМ
1010263,Испытания на климатические и механические воздействия,Обоснование,01.01.2012,10,2021-12-01,1010263,2022-01-01,1010263,ОЭМ
1010264,Испытания на прочность при транспортировании и испытания упаковки,Обоснование,01.01.2012,10,2021-12-01,1010264,2022-01-01,1010264,ОЭМ
1010265,Испытания на отключение тока холостого хода трансформаторов собственных нужд,374К-92,16.04.1992,10,2002-03-16,1010265,2002-04-16,1010265,ОЭМ
1010266,ДРУГОЕ,05-04-19,19.04.2019,10,2029-03-19,1010266,2029-04-19,1010266,ОЭМ
1010267,Испытания на сейсмостойкость,08-06-16,22.06.2016,10,2026-05-22,1010267,2026-06-22,1010267,ОЭМ
1010268,Проверка внешнего вида и проверка на соответствие чертежам,08-10-14-01,20.10.2014,10,2024-09-20,1010268,2024-10-20,1010268,ОЭМ
1010269,Испытания на климатические и механические воздействия,10-09-15,16.09.2015,10,2025-08-16,1010269,2025-09-16,1010269,ОЭМ
1010270,Испытание на коммутационную способность,012-039-2016,03.06.2016,10,2026-05-03,1010270,2026-06-03,1010270,ОЭМ
1010271,Испытание на коммутационную способность,012-203-2015,11.12.2015,10,2025-11-11,1010271,2025-12-11,1010271,ОЭМ
1010272,Испытания на безопасность,16-12-14,27.12.2014,10,2024-11-27,1010272,2024-12-27,1010272,ОЭМ
1010273,Испытания на электродинамическую и термическую стойкость током КЗ,017-036-2016,19.05.2016,10,2026-04-19,1010273,2026-05-19,1010273,ОЭМ
1010274,Испытания на электродинамическую и термическую стойкость током КЗ,017-157-2015,16.10.2015,10,2025-09-16,1010274,2025-10-16,1010274,ОЭМ
1010275,Испытания на электродинамическую и термическую стойкость током КЗ цепей заземления,017-157-2015,16.10.2015,10,2025-09-16,1010275,2025-10-16,1010275,ОЭМ
1010276,Испытание на нагрев,18-09-14-01,27.10.2014,10,2024-09-27,1010276,2024-10-27,1010276,ОЭМ
1010277,Испытания на прочность при транспортировании и испытания упаковки,18-11-14,24.10.2014,10,2024-09-24,1010277,2024-10-24,1010277,ОЭМ
1010278,Электромеханические испытания,22-10-14,03.11.2014,10,2024-10-03,1010278,2024-11-03,1010278,ОЭМ
1010279,Испытания электрической прочности изоляции,24-07-13,24.07.2013,10,2023-06-24,1010279,2023-07-24,1010279,ОЭМ
1010280,Контрольная сборка и испытание на взаимозаменяемость однотипных выкатных элементов,24-11-14-01,24.11.2014,10,2024-10-24,1010280,2024-11-24,1010280,ОЭМ
1010281,Испытание на надежность,26-11-14,02.12.2014,10,2024-11-02,1010281,2024-12-02,1010281,ОЭМ
1010282,Испытания электрической прочности изоляции,28-10-14,11.11.2014,10,2024-10-11,1010282,2024-11-11,1010282,ОЭМ
1010283,Испытание на коммутационную способность,012-028-2021,19.02.2021,10,2031-01-19,1010283,2031-02-19,1010283,ОЭМ
1010284,Испытания на электродинамическую и термическую стойкость током КЗ,017-004-2021,21.01.2021,10,2030-12-21,1010284,2031-01-21,1010284,ОЭМ
1010285,Испытания на электродинамическую и термическую стойкость током КЗ цепей заземления,017-004-2021,21.01.2021,10,2030-12-21,1010285,2031-01-21,1010285,ОЭМ
1010286,Испытания на электродинамическую и термическую стойкость током КЗ,017-051-2021,31.03.2021,10,2031-02-28,1010286,2031-03-31,1010286,ОЭМ
1010287,Испытания на электродинамическую и термическую стойкость током КЗ цепей заземления,017-051-2021,31.03.2021,10,2031-02-28,1010287,2031-03-31,1010287,ОЭМ
1010288,Испытания на электродинамическую и термическую стойкость током КЗ,017-199-2020,12.11.2020,10,2030-10-12,1010288,2030-11-12,1010288,ОЭМ
1010289,Испытания на электродинамическую и термическую стойкость током КЗ цепей заземления,017-199-2020,12.11.2020,10,2030-10-12,1010289,2030-11-12,1010289,ОЭМ
1010290,Испытания на электродинамическую и термическую стойкость током КЗ,017-200-2021,12.11.2020,10,2030-10-12,1010290,2030-11-12,1010290,ОЭМ
1010291,Испытания на электродинамическую и термическую стойкость током КЗ цепей заземления,017-200-2021,12.11.2020,10,2030-10-12,1010291,2030-11-12,1010291,ОЭМ
1010292,Испытание на коммутационную способность,012-109-2017,10.08.2017,10,2027-07-10,1010292,2027-08-10,1010292,ОЭМ
1010293,Испытания на электродинамическую и термическую стойкость током КЗ,017-090-2017,17.07.2017,10,2027-06-17,1010293,2027-07-17,1010293,ОЭМ
1010294,Испытания на климатические и механические воздействия,30-12-12,31.01.2013,10,2022-12-31,1010294,2023-01-31,1010294,ОЭМ
1010295,Испытание на локализационную способность,012-083-2020,07.07.2020,10,2030-06-07,1010295,2030-07-07,1010295,ОЭМ
1010296,Испытания на сейсмостойкость,34/21,15.04.2021,10,2031-03-15,1010296,2031-04-15,1010296,ОЭМ
1010297,Испытания на стойкость к воздействию внешних механических факторов,34/21,15.04.2021,10,2031-03-15,1010297,2031-04-15,1010297,ОЭМ
1010298,Испытания на электродинамическую и термическую стойкость током КЗ,017-005-2021,21.01.2021,10,2030-12-21,1010298,2031-01-21,1010298,ОЭМ
1010299,Испытания на включающую способность ЗР,012-125-2020,14.08.2020,10,2030-07-14,1010299,2030-08-14,1010299,ОЭМ
1010300,Испытания на электродинамическую и термическую стойкость током КЗ,017-118-2020,10.08.2020,10,2030-07-10,1010300,2030-08-10,1010300,ОЭМ
1010301,Испытания на электродинамическую и термическую стойкость током КЗ цепей заземления,017-118-2020,10.08.2020,10,2030-07-10,1010301,2030-08-10,1010301,ОЭМ
1010302,Испытание на коммутационную способность,012-090-2020,09.07.2020,10,2030-06-09,1010302,2030-07-09,1010302,ОЭМ
1010303,Испытание на коммутационную способность,012-088-2020,07.07.2020,10,2030-06-07,1010303,2030-07-07,1010303,ОЭМ
1010304,Испытание на локализационную способность,012-068-2020,28.05.2020,10,2030-04-28,1010304,2030-05-28,1010304,ОЭМ
1010305,Испытание на локализационную способность,012-070-2020,08.06.2020,10,2030-05-08,1010305,2030-06-08,1010305,ОЭМ
1010306,Испытание на локализационную способность,012-102-2020,04.08.2020,10,2030-07-04,1010306,2030-08-04,1010306,ОЭМ
1010307,Испытание на локализационную способность,012-091-2020,09.07.2020,10,2030-06-09,1010307,2030-07-09,1010307,ОЭМ
1010308,Испытание на локализационную способность,012-104-2020,04.08.2020,10,2030-07-04,1010308,2030-08-04,1010308,ОЭМ
1010309,Испытания на электродинамическую и термическую стойкость током КЗ,017-122-2020,14.08.2020,10,2030-07-14,1010309,2030-08-14,1010309,ОЭМ
1010310,Испытания на электродинамическую и термическую стойкость током КЗ цепей заземления,017-122-2020,14.08.2020,10,2030-07-14,1010310,2030-08-14,1010310,ОЭМ
1010311,Испытание на локализационную способность,012-103-2020,04.08.2020,10,2030-07-04,1010311,2030-08-04,1010311,ОЭМ
1010312,Испытания на электродинамическую и термическую стойкость током КЗ,017-121-2020,14.08.2020,10,2030-07-14,1010312,2030-08-14,1010312,ОЭМ
1010313,Испытания на электродинамическую и термическую стойкость током КЗ цепей заземления,017-121-2020,14.08.2020,10,2030-07-14,1010313,2030-08-14,1010313,ОЭМ
1010314,Испытание на локализационную способность,012-089-2020,09.07.2020,10,2030-06-09,1010314,2030-07-09,1010314,ОЭМ
1010315,Испытания на электромагнитную совместимость,17026996-20-СИЦ,12.03.2020,10,2030-02-12,1010315,2030-03-12,1010315,ОЭМ
1010316,Испытание на коммутационную способность,012-065-2020,26.05.2020,10,2030-04-26,1010316,2030-05-26,1010316,ОЭМ
1010317,Испытание на коммутационную способность,012-066-2020,26.05.2020,10,2030-04-26,1010317,2030-05-26,1010317,ОЭМ
1010318,Испытание на коммутационную способность,012-107-2017,10.08.2017,10,2027-07-10,1010318,2027-08-10,1010318,ОЭМ
1010319,Испытания на электродинамическую и термическую стойкость током КЗ,017-092-2017,17.07.2017,10,2027-06-17,1010319,2027-07-17,1010319,ОЭМ
1010320,Испытания на стойкость к воздействию внешних механических факторов,142/19,28.10.2019,10,2029-09-28,1010320,2029-10-28,1010320,ОЭМ
1010321,Испытания на сейсмостойкость,142/19,28.10.2019,10,2029-09-28,1010321,2029-10-28,1010321,ОЭМ
1010322,Испытания на стойкость к воздействию внешних механических факторов,143/19,28.10.2019,10,2029-09-28,1010322,2029-10-28,1010322,ОЭМ
1010323,Испытания на сейсмостойкость,143/19,28.10.2019,10,2029-09-28,1010323,2029-10-28,1010323,ОЭМ
1010324,Испытания на электродинамическую и термическую стойкость током КЗ,017-091-2017,17.07.2017,10,2027-06-17,1010324,2027-07-17,1010324,ОЭМ
1010325,Испытания на электромагнитную совместимость,Т0541/003-2021,08.02.2021,10,2031-01-08,1010325,2031-02-08,1010325,ОЭМ
1010326,Испытание на коммутационную способность,012-108-2017,10.08.2017,10,2027-07-10,1010326,2027-08-10,1010326,ОЭМ
1010327,Испытание на грибостойкость,13083,06.04.2021,10,2031-03-06,1010327,2031-04-06,1010327,ОЭМ
1010328,Электромеханические испытания,26-04-21,20.05.2021,10,2031-04-20,1010328,2031-05-20,1010328,ОЭМ
1010329,Испытание на нагрев,28-12-20,20.05.2021,10,2031-04-20,1010329,2031-05-20,1010329,ОЭМ
1010330,Испытания электрической прочности изоляции,21-12-20,20.05.2021,10,2031-04-20,1010330,2031-05-20,1010330,ОЭМ
1010331,Замер электрического сопротивления участка главной цепи,21-05-21-01,24.05.2021,10,2031-04-24,1010331,2031-05-24,1010331,ОЭМ
1010332,Испытание на нагрев,24-05-21,26.05.2021,10,2031-04-26,1010332,2031-05-26,1010332,ОЭМ
1010333,Испытания на сейсмостойкость,07-12-08,24.12.2008,10,2018-11-24,1010333,2018-12-24,1010333,ОЭМ
1010334,Испытание на надежность,10-01-13,28.01.2013,10,2022-12-28,1010334,2023-01-28,1010334,ОЭМ
1010335,Проверка внешнего вида и проверка на соответствие чертежам,11-12-12,25.12.2012,10,2022-11-25,1010335,2022-12-25,1010335,ОЭМ
1010336,Испытание на локализационную способность,012-065-2008,11.04.2008,10,2018-03-11,1010336,2018-04-11,1010336,ОЭМ
1010337,Испытание на коммутационную способность,012-207-2008,15.09.2008,10,2018-08-15,1010337,2018-09-15,1010337,ОЭМ
1010338,Контрольная сборка и испытание на взаимозаменяемость однотипных выкатных элементов,12-01-13,28.01.2013,10,2022-12-28,1010338,2023-01-28,1010338,ОЭМ
1010339,Соосность и величина вхождения контактов,12-12-14-01,18.12.2014,10,2024-11-18,1010339,2024-12-18,1010339,ОЭМ
1010340,Измерение сопротивления изоляции,13-02-15,19.02.2015,10,2025-01-19,1010340,2025-02-19,1010340,ОЭМ
1010341,Испытания электрической прочности изоляции,13-12-12,28.12.2012,10,2022-11-28,1010341,2022-12-28,1010341,ОЭМ
1010342,Испытание на нагрев,15-01-13-02,28.01.2013,10,2022-12-28,1010342,2023-01-28,1010342,ОЭМ
1010343,Испытания электрической прочности изоляции,15-12-14-01,26.12.2014,10,2024-11-26,1010343,2024-12-26,1010343,ОЭМ
1010344,Испытания на прочность при транспортировании и испытания упаковки,17-01-13,28.01.2013,10,2022-12-28,1010344,2023-01-28,1010344,ОЭМ
1010345,Испытания на климатические и механические воздействия,19-06-14,23.06.2014,10,2024-05-23,1010345,2024-06-23,1010345,ОЭМ
1010346,Испытания на климатические и механические воздействия,28-01-13,28.01.2013,10,2022-12-28,1010346,2023-01-28,1010346,ОЭМ
1010347,Испытания на электродинамическую и термическую стойкость током КЗ,017-202-2007,30.11.2007,10,2017-10-30,1010347,2017-11-30,1010347,ОЭМ
1010348,Испытания на электродинамическую и термическую стойкость током КЗ цепей заземления,017-202-2007,30.11.2007,10,2017-10-30,1010348,2017-11-30,1010348,ОЭМ
1010349,Испытание на локализационную способность,Тех. Информация 80-2021,,10,2022-06-07,1010349,ДАТА ОТСУТСТВУЕТ!,1010349,ОЭМ
1010350,Испытания на электромагнитную совместимость,Т0541/022-2021,,10,2022-06-07,1010350,ДАТА ОТСУТСТВУЕТ!,1010350,ОЭМ
1010351,Испытания на электромагнитную совместимость,Т0541/023-2021,28.07.2021,10,2031-06-28,1010351,2031-07-28,1010351,ОЭМ
1010352,Испытания на электродинамическую и термическую стойкость током КЗ,017-117-2021,03.08.2021,10,2031-07-03,1010352,2031-08-03,1010352,ОЭМ
1010353,Испытания на электродинамическую и термическую стойкость током КЗ цепей заземления,017-125-2021,17.08.2021,10,2031-07-17,1010353,2031-08-17,1010353,ОЭМ
1010354,Испытания на электродинамическую и термическую стойкость током КЗ,017-118-2021,03.08.2021,10,2031-07-03,1010354,2031-08-03,1010354,ОЭМ
1010355,Испытание на соответствие степени защиты оболочки,0308569-21-СИЦ,05.08.2021,10,2031-07-05,1010355,2031-08-05,1010355,ОЭМ
1010356,Испытание на нагрев,26-07-21,16.08.2021,10,2031-07-16,1010356,2031-08-16,1010356,ОЭМ
1010357,Испытание на нагрев,03-06-21,08.06.2021,10,2031-05-08,1010357,2031-06-08,1010357,ОЭМ
1010358,Испытание на нагрев,02-06-21-01,08.06.2021,10,2031-05-08,1010358,2031-06-08,1010358,ОЭМ
1010359,Испытание на нагрев,01-06-21-01,08.06.2021,10,2031-05-08,1010359,2031-06-08,1010359,ОЭМ
1010360,Испытания электрической прочности изоляции,01-06-21-03,08.06.2021,10,2031-05-08,1010360,2031-06-08,1010360,ОЭМ
1010361,Испытания электрической прочности изоляции,01-06-21-02,08.06.2021,10,2031-05-08,1010361,2031-06-08,1010361,ОЭМ
1010362,Испытания электрической прочности изоляции,02-06-21,08.06.2021,10,2031-05-08,1010362,2031-06-08,1010362,ОЭМ
1010363,Испытания на электромагнитную совместимость,Т0541/026-2021,,10,2022-06-07,1010363,ДАТА ОТСУТСТВУЕТ!,1010363,ОЭМ
1010364,Электромеханические испытания,01-07-21,26.08.2021,10,2031-07-26,1010364,2031-08-26,1010364,ОЭМ
1010365,Испытания электрической прочности изоляции,15-09-21,16.09.2021,10,2031-08-16,1010365,2031-09-16,1010365,ОЭМ
1010366,Испытание на соответствие степени защиты оболочки,16-12-14,27.12.2014,10,2024-11-27,1010366,2024-12-27,1010366,ОЭМ
1010367,Испытания на электродинамическую и термическую стойкость током КЗ,017-115-2021,03.08.2021,10,2031-07-03,1010367,2031-08-03,1010367,ОЭМ
1010368,Испытания на электродинамическую и термическую стойкость током КЗ цепей заземления,017-115-2021,03.08.2021,10,2031-07-03,1010368,2031-08-03,1010368,ОЭМ
1010369,Испытания на электродинамическую и термическую стойкость током КЗ,017-116-2021,03.08.2021,10,2031-07-03,1010369,2031-08-03,1010369,ОЭМ
1010370,Испытания на электродинамическую и термическую стойкость током КЗ цепей заземления,Тех. Информация 87-2021,27.07.2021,10,2031-06-27,1010370,2031-07-27,1010370,ОЭМ
1010371,Испытание на нагрев,05-08-21,06.09.2021,10,2031-08-06,1010371,2031-09-06,1010371,ОЭМ
1010372,Испытания на электродинамическую и термическую стойкость током КЗ,312-2021-102,26.05.2021,10,2031-04-26,1010372,2031-05-26,1010372,ОЭМ
1010373,Испытания на электродинамическую и термическую стойкость током КЗ цепей заземления,312-2021-102,26.05.2021,10,2031-04-26,1010373,2031-05-26,1010373,ОЭМ
1010374,Испытания на сейсмостойкость,36/20,08.04.2020,10,2030-03-08,1010374,2030-04-08,1010374,ОЭМ
1010375,Испытания на стойкость к воздействию внешних механических факторов,36/20,08.04.2020,10,2030-03-08,1010375,2030-04-08,1010375,ОЭМ
1010376,Испытания на сейсмостойкость,37/20,08.04.2020,10,2030-03-08,1010376,2030-04-08,1010376,ОЭМ
1010377,Испытания на стойкость к воздействию внешних механических факторов,37/20,08.04.2020,10,2030-03-08,1010377,2030-04-08,1010377,ОЭМ
1010378,Испытания на сейсмостойкость,38/20,08.04.2020,10,2030-03-08,1010378,2030-04-08,1010378,ОЭМ
1010379,Испытания на стойкость к воздействию внешних механических факторов,38/20,08.04.2020,10,2030-03-08,1010379,2030-04-08,1010379,ОЭМ
1010380,Испытания на сейсмостойкость,108/21,29.10.2021,10,2031-09-29,1010380,2031-10-29,1010380,ОЭМ
1010381,Испытания на стойкость к воздействию внешних механических факторов,108/21,29.10.2021,10,2031-09-29,1010381,2031-10-29,1010381,ОЭМ
1010382,Испытания на сейсмостойкость,109/21,29.10.2021,10,2031-09-29,1010382,2031-10-29,1010382,ОЭМ
1010383,Испытания на стойкость к воздействию внешних механических факторов,109/21,29.10.2021,10,2031-09-29,1010383,2031-10-29,1010383,ОЭМ
1010384,Испытания на сейсмостойкость,110/21,29.10.2021,10,2031-09-29,1010384,2031-10-29,1010384,ОЭМ
1010385,Испытания на стойкость к воздействию внешних механических факторов,110/21,29.10.2021,10,2031-09-29,1010385,2031-10-29,1010385,ОЭМ
1010386,Испытание на соответствие степени защиты оболочки,17-07-21,09.11.2021,10,2031-10-09,1010386,2031-11-09,1010386,ОЭМ
1010387,Испытание на коммутационную способность,012-132-2021,06.09.2021,10,2031-08-06,1010387,2031-09-06,1010387,ОЭМ
1010388,Испытание на коммутационную способность,012-131-2021,06.09.2021,10,2031-08-06,1010388,2031-09-06,1010388,ОЭМ
1010389,Испытания на прочность при транспортировании и испытания упаковки,29-07-21-01,01.10.2021,10,2031-09-01,1010389,2031-10-01,1010389,ОЭМ
1010390,Испытание на нагрев,19-06-21,27.08.2021,10,2031-07-27,1010390,2031-08-27,1010390,ОЭМ
1010391,Испытание на соответствие степени защиты оболочки,22-07-21,06.09.2021,10,2031-08-06,1010391,2031-09-06,1010391,ОЭМ
1010392,Испытание на нагрев,19-06-21,,10,2022-06-07,1010392,ДАТА ОТСУТСТВУЕТ!,1010392,ОЭМ
1010393,Испытание на нагрев,03-06-21,,10,2022-06-07,1010393,ДАТА ОТСУТСТВУЕТ!,1010393,ОЭМ
1010394,Испытание на нагрев,01-06-21-01,,10,2022-06-07,1010394,ДАТА ОТСУТСТВУЕТ!,1010394,ОЭМ
1010395,Испытание на нагрев,02-06-21-01,,10,2022-06-07,1010395,ДАТА ОТСУТСТВУЕТ!,1010395,ОЭМ
1010396,Испытания на прочность при транспортировании и испытания упаковки,29-07-21,06.09.2021,10,2031-08-06,1010396,2031-09-06,1010396,ОЭМ
1010397,Испытания на прочность при транспортировании и испытания упаковки,29-07-21,,10,2022-06-07,1010397,ДАТА ОТСУТСТВУЕТ!,1010397,ОЭМ
1010398,Испытания электрической прочности изоляции,18-06-21,27.08.2021,10,2031-07-27,1010398,2031-08-27,1010398,ОЭМ
1010399,Электромеханические испытания,11-06-21,27.08.2021,10,2031-07-27,1010399,2031-08-27,1010399,ОЭМ
1010400,Контрольная сборка и испытание на взаимозаменяемость однотипных выкатных элементов,22-06-21,27.08.2021,10,2031-07-27,1010400,2031-08-27,1010400,ОЭМ
1010401,Контрольная сборка и испытание на взаимозаменяемость однотипных выкатных элементов,04-06-21,27.08.2021,10,2031-07-27,1010401,2031-08-27,1010401,ОЭМ
1010402,Испытания на климатические и механические воздействия,02-08-21,27.08.2021,10,2031-07-27,1010402,2031-08-27,1010402,ОЭМ
1010403,Испытание на локализационную способность,012-133-2021,06.09.2021,10,2031-08-06,1010403,2031-09-06,1010403,ОЭМ
1010404,Испытание на локализационную способность,012-134-2021,06.09.2021,10,2031-08-06,1010404,2031-09-06,1010404,ОЭМ
1010405,Испытание на локализационную способность,012-135-2021,06.09.2021,10,2031-08-06,1010405,2031-09-06,1010405,ОЭМ
1010406,Испытание на локализационную способность,012-136-2021,06.09.2021,10,2031-08-06,1010406,2031-09-06,1010406,ОЭМ
1010407,Испытания на электромагнитную совместимость,№13,06.09.2021,10,2031-08-06,1010407,2031-09-06,1010407,ОЭМ
1010408,Испытания на электромагнитную совместимость,№14,06.09.2021,10,2031-08-06,1010408,2031-09-06,1010408,ОЭМ
1010409,Испытания на сейсмостойкость,35.1-08-21,06.09.2021,10,2031-08-06,1010409,2031-09-06,1010409,ОЭМ
1010410,Испытания на стойкость к воздействию внешних механических факторов,35.1-08-21,06.09.2021,10,2031-08-06,1010410,2031-09-06,1010410,ОЭМ
1010411,Испытания на сейсмостойкость,35.2-08-21,06.09.2021,10,2031-08-06,1010411,2031-09-06,1010411,ОЭМ
1010412,Испытания на стойкость к воздействию внешних механических факторов,35.2-08-21,06.09.2021,10,2031-08-06,1010412,2031-09-06,1010412,ОЭМ
1010413,Испытания на сейсмостойкость,35.3-08-21,06.09.2021,10,2031-08-06,1010413,2031-09-06,1010413,ОЭМ
1010414,Испытания на стойкость к воздействию внешних механических факторов,35.3-08-21,06.09.2021,10,2031-08-06,1010414,2031-09-06,1010414,ОЭМ
